id,value
Raiz
Raiz.Abrahamic_religions,2317
Raiz.Abrahamic_religions.Christianity,5807
Raiz.Abrahamic_religions.Christianity.Catholicism,6087
Raiz.Abrahamic_religions.Christianity.Catholicism.Chinese_Patriotic_Catholic_Association,10607
Raiz.Abrahamic_religions.Christianity.Catholicism.Independent_Catholic_Churches,10586
Raiz.Abrahamic_religions.Christianity.Catholicism.Independent_Catholic_Churches.Brazilian_Catholic_Apostolic_Church,8997
Raiz.Abrahamic_religions.Christianity.Catholicism.Independent_Catholic_Churches.Philippine_Independent_Church_(In_communion_with_the_Anglican_Church_and_the_Union_of_Utrecht),9037
Raiz.Abrahamic_religions.Christianity.Catholicism.Independent_Catholic_Churches.Polish_National_Catholic_Church,267
Raiz.Abrahamic_religions.Christianity.Catholicism.Independent_Catholic_Churches.Union_of_Utrecht_(In_communion_with_the_Anglican_Church),1373
Raiz.Abrahamic_religions.Christianity.Catholicism.Old_Catholicism,7914
Raiz.Abrahamic_religions.Christianity.Catholicism.Old_Catholicism.Liberal_Catholic_Church,8024
Raiz.Abrahamic_religions.Christianity.Catholicism.Roman_Catholicism,5849
Raiz.Abrahamic_religions.Christianity.Catholicism.Roman_Catholicism.Sui_iuris_(including_Byzantine_Rite_churches),8208
Raiz.Abrahamic_religions.Christianity.Catholicism.Roman_Catholicism.Traditionalist_Catholicism,1606
Raiz.Abrahamic_religions.Christianity.Catholicism.Eastern_Catholic_Churches,526
Raiz.Abrahamic_religions.Christianity.Catholicism.Syriac_Catholic_Church,9984
Raiz.Abrahamic_religions.Christianity.Eastern_and_Oriental_Orthodoxy,566
Raiz.Abrahamic_religions.Christianity.Eastern_and_Oriental_Orthodoxy.Eastern_Orthodoxy,9279
Raiz.Abrahamic_religions.Christianity.Eastern_and_Oriental_Orthodoxy.Eastern_Orthodoxy.Greek_Orthodox_Church,334
Raiz.Abrahamic_religions.Christianity.Eastern_and_Oriental_Orthodoxy.Eastern_Orthodoxy.Russian_Orthodox_Church,10889
Raiz.Abrahamic_religions.Christianity.Eastern_and_Oriental_Orthodoxy.Oriental_Orthodoxy,2422
Raiz.Abrahamic_religions.Christianity.Eastern_and_Oriental_Orthodoxy.Oriental_Orthodoxy.Coptic_Orthodox_Church,10113
Raiz.Abrahamic_religions.Christianity.Eastern_and_Oriental_Orthodoxy.Oriental_Orthodoxy.Ethiopian_Orthodox_Church,1112
Raiz.Abrahamic_religions.Christianity.Eastern_and_Oriental_Orthodoxy.Syriac_Christianity,7488
Raiz.Abrahamic_religions.Christianity.Eastern_and_Oriental_Orthodoxy.Syriac_Christianity.Assyrian_Church_of_the_East,9422
Raiz.Abrahamic_religions.Christianity.Eastern_and_Oriental_Orthodoxy.Syriac_Christianity.Indian_Orthodox_Church,1657
Raiz.Abrahamic_religions.Christianity.Eastern_and_Oriental_Orthodoxy.Syriac_Christianity.Indian_Orthodox_Church.Malankara_Orthodox_Syrian_Church,3500
Raiz.Abrahamic_religions.Christianity.Eastern_and_Oriental_Orthodoxy.Syriac_Christianity.Indian_Orthodox_Church.Syriac_Orthodox_Church,11089
Raiz.Abrahamic_religions.Christianity.Eastern_and_Oriental_Orthodoxy.Syriac_Christianity.Mar_Thoma_Church,1513
Raiz.Abrahamic_religions.Christianity.Protestantism,1673
Raiz.Abrahamic_religions.Christianity.Protestantism.Anglicanism_,660
Raiz.Abrahamic_religions.Christianity.Protestantism.Anglicanism_.Anglican_Communion,833
Raiz.Abrahamic_religions.Christianity.Protestantism.Anglicanism_.Anglican_Communion.Church_of_England,10434
Raiz.Abrahamic_religions.Christianity.Protestantism.Anglicanism_.Anglican_Communion.Church_of_Ireland,3130
Raiz.Abrahamic_religions.Christianity.Protestantism.Anglicanism_.Anglican_Communion.Church_of_Wales,6374
Raiz.Abrahamic_religions.Christianity.Protestantism.Anglicanism_.Anglican_Communion.Episcopal_Church_(United_States),1110
Raiz.Abrahamic_religions.Christianity.Protestantism.Anglicanism_.Anglican_Communion.Scottish_Episcopal_Church,1415
Raiz.Abrahamic_religions.Christianity.Protestantism.Pre-Lutheran_Protestants,4545
Raiz.Abrahamic_religions.Christianity.Protestantism.Pre-Lutheran_Protestants.Hussites,2093
Raiz.Abrahamic_religions.Christianity.Protestantism.Pre-Lutheran_Protestants.Lollards,763
Raiz.Abrahamic_religions.Christianity.Protestantism.Pre-Lutheran_Protestants.Waldensians,10372
Raiz.Abrahamic_religions.Christianity.Protestantism.Anabaptists,5253
Raiz.Abrahamic_religions.Christianity.Protestantism.Anabaptists.Amish,10161
Raiz.Abrahamic_religions.Christianity.Protestantism.Anabaptists.Brethren_in_Christ,4490
Raiz.Abrahamic_religions.Christianity.Protestantism.Anabaptists.Church_of_the_Brethren,10270
Raiz.Abrahamic_religions.Christianity.Protestantism.Anabaptists.Hutterites,3114
Raiz.Abrahamic_religions.Christianity.Protestantism.Anabaptists.Mennonites,3847
Raiz.Abrahamic_religions.Christianity.Protestantism.Anabaptists.Old_German_Baptist_Brethren,644
Raiz.Abrahamic_religions.Christianity.Protestantism.Baptists,7386
Raiz.Abrahamic_religions.Christianity.Protestantism.Brethren,5904
Raiz.Abrahamic_religions.Christianity.Protestantism.Catholic_Apostolic_Church,2847
Raiz.Abrahamic_religions.Christianity.Protestantism.Charismatic_movement,413
Raiz.Abrahamic_religions.Christianity.Protestantism.Christadelphians,3195
Raiz.Abrahamic_religions.Christianity.Protestantism.Christian_Israelite_Church,6161
Raiz.Abrahamic_religions.Christianity.Protestantism.Christian_New_Religious_Movements,6714
Raiz.Abrahamic_religions.Christianity.Protestantism.Christian_New_Religious_Movements.Unification_Church_(Moonies),7379
Raiz.Abrahamic_religions.Christianity.Protestantism.Christian_New_Religious_Movements.Christian_Science,237
Raiz.Abrahamic_religions.Christianity.Protestantism.Christian_New_Religious_Movements.Children_of_God,8684
Raiz.Abrahamic_religions.Christianity.Protestantism.Christian_New_Religious_Movements.Peoples_Temple,340
Raiz.Abrahamic_religions.Christianity.Protestantism.Esoteric_Christianity,6012
Raiz.Abrahamic_religions.Christianity.Protestantism.Free_Presbyterian_Church_of_Ulster,7293
Raiz.Abrahamic_religions.Christianity.Protestantism.Lutheranism,1834
Raiz.Abrahamic_religions.Christianity.Protestantism.Methodism,7522
Raiz.Abrahamic_religions.Christianity.Protestantism.Messianic_Judaism,6682
Raiz.Abrahamic_religions.Christianity.Protestantism.Most_Holy_Church_of_God_in_Christ_Jesus,8173
Raiz.Abrahamic_religions.Christianity.Protestantism.New_Thought,8922
Raiz.Abrahamic_religions.Christianity.Protestantism.Pentecostalism,838
Raiz.Abrahamic_religions.Christianity.Protestantism.Pentecostalism.Oneness_Pentecostalism,8853
Raiz.Abrahamic_religions.Christianity.Protestantism.Pietism,3079
Raiz.Abrahamic_religions.Christianity.Protestantism.Pietism.Holiness_movement,7953
Raiz.Abrahamic_religions.Christianity.Protestantism.Reformed_churches,6208
Raiz.Abrahamic_religions.Christianity.Protestantism.Reformed_churches.Puritans,2821
Raiz.Abrahamic_religions.Christianity.Protestantism.Reformed_churches.Presbyterianism,10683
Raiz.Abrahamic_religions.Christianity.Protestantism.Reformed_churches.Congregational_church,8588
Raiz.Abrahamic_religions.Christianity.Protestantism.Religious_Society_of_Friends,3513
Raiz.Abrahamic_religions.Christianity.Protestantism.Spiritism,2675
Raiz.Abrahamic_religions.Christianity.Protestantism.Spiritism.Espiritismo,3739
Raiz.Abrahamic_religions.Christianity.Protestantism.Swedenborgianism,3392
Raiz.Abrahamic_religions.Christianity.Protestantism.Swedenborgianism.Christian_Spiritualism,4061
Raiz.Abrahamic_religions.Christianity.Protestantism.United_and_uniting_churches,5227
Raiz.Abrahamic_religions.Christianity.Protestantism.Unitarianism,7555
Raiz.Abrahamic_religions.Christianity.Protestantism.Universalism,7550
Raiz.Abrahamic_religions.Christianity.Restorationism,2513
Raiz.Abrahamic_religions.Christianity.Restorationism.Adventism,9018
Raiz.Abrahamic_religions.Christianity.Restorationism.Adventism.Millerites,6458
Raiz.Abrahamic_religions.Christianity.Restorationism.Adventism.Sabbatarianism,1388
Raiz.Abrahamic_religions.Christianity.Restorationism.Adventism.Seventh-day_Adventists,1367
Raiz.Abrahamic_religions.Christianity.Restorationism.Latter_Day_Saint_movement_(Mormonism),3264
Raiz.Abrahamic_religions.Christianity.Restorationism.Latter_Day_Saint_movement_(Mormonism).Church_of_Christ_(Temple_Lot),739
Raiz.Abrahamic_religions.Christianity.Restorationism.Latter_Day_Saint_movement_(Mormonism).Community_of_Christ,8160
Raiz.Abrahamic_religions.Christianity.Restorationism.Latter_Day_Saint_movement_(Mormonism).Rigdonites,10517
Raiz.Abrahamic_religions.Christianity.Restorationism.Latter_Day_Saint_movement_(Mormonism).The_Church_of_Jesus_Christ_(Bickertonite),8986
Raiz.Abrahamic_religions.Christianity.Restorationism.Latter_Day_Saint_movement_(Mormonism).The_Church_of_Jesus_Christ_of_Latter-day_Saints,2948
Raiz.Abrahamic_religions.Christianity.Restorationism.Latter_Day_Saint_movement_(Mormonism).The_Church_of_Jesus_Christ_of_Latter-day_Saints.Fundamentalist_Church_of_Jesus_Christ_of_Latter_Day_Saints,4207
Raiz.Abrahamic_religions.Christianity.Restorationism.Latter_Day_Saint_movement_(Mormonism).The_Church_of_Jesus_Christ_of_Latter_Day_Saints_(Strangite),5563
Raiz.Abrahamic_religions.Christianity.Restorationism.Iglesia_ni_Cristo,336
Raiz.Abrahamic_religions.Christianity.Restorationism.New_Apostolic_Church,1542
Raiz.Abrahamic_religions.Christianity.Restorationism.Jehovah's_Witnesses,7094
Raiz.Abrahamic_religions.Christianity.Restorationism.Restoration_Movement,1634
Raiz.Abrahamic_religions.Gnosticism,296
Raiz.Abrahamic_religions.Gnosticism.Christian_Gnosticism,9875
Raiz.Abrahamic_religions.Gnosticism.Christian_Gnosticism.Ebionites,6848
Raiz.Abrahamic_religions.Gnosticism.Christian_Gnosticism.Cerdonians,3986
Raiz.Abrahamic_religions.Gnosticism.Christian_Gnosticism.Cerdonians.Marcionism_(not_entirely_Gnostic),10979
Raiz.Abrahamic_religions.Gnosticism.Christian_Gnosticism.Colorbasians,5637
Raiz.Abrahamic_religions.Gnosticism.Christian_Gnosticism.Simonians,9969
Raiz.Abrahamic_religions.Gnosticism.Early_Gnosticism,7294
Raiz.Abrahamic_religions.Gnosticism.Early_Gnosticism.Borborites,1103
Raiz.Abrahamic_religions.Gnosticism.Early_Gnosticism.Cainites,4127
Raiz.Abrahamic_religions.Gnosticism.Early_Gnosticism.Carpocratians,3845
Raiz.Abrahamic_religions.Gnosticism.Early_Gnosticism.Ophites,6431
Raiz.Abrahamic_religions.Gnosticism.Early_Gnosticism.Hermeticism,2931
Raiz.Abrahamic_religions.Gnosticism.Medieval_Gnosticism,7191
Raiz.Abrahamic_religions.Gnosticism.Medieval_Gnosticism.Cathars,6821
Raiz.Abrahamic_religions.Gnosticism.Medieval_Gnosticism.Bogomils,1481
Raiz.Abrahamic_religions.Gnosticism.Medieval_Gnosticism.Paulicianism,10268
Raiz.Abrahamic_religions.Gnosticism.Medieval_Gnosticism.Tondrakians,3613
Raiz.Abrahamic_religions.Gnosticism.Persian_Gnosticism,5787
Raiz.Abrahamic_religions.Gnosticism.Persian_Gnosticism.Mandaeanism,1405
Raiz.Abrahamic_religions.Gnosticism.Persian_Gnosticism.Manichaeism,8335
Raiz.Abrahamic_religions.Gnosticism.Persian_Gnosticism.Manichaeism.Bagnolians,7583
Raiz.Abrahamic_religions.Gnosticism.Syrian-Egyptic_Gnosticism,8381
Raiz.Abrahamic_religions.Gnosticism.Syrian-Egyptic_Gnosticism.Sethians,10889
Raiz.Abrahamic_religions.Gnosticism.Syrian-Egyptic_Gnosticism.Sethians.Basilidians,10387
Raiz.Abrahamic_religions.Gnosticism.Syrian-Egyptic_Gnosticism.Sethians.Thomasines,3910
Raiz.Abrahamic_religions.Gnosticism.Syrian-Egyptic_Gnosticism.Sethians.Valentinians,4257
Raiz.Abrahamic_religions.Gnosticism.Syrian-Egyptic_Gnosticism.Sethians.Valentinians.Bardesanites,1205
Raiz.Abrahamic_religions.Islam,6613
Raiz.Abrahamic_religions.Islam.Kalam_Schools,5550
Raiz.Abrahamic_religions.Islam.Kalam_Schools.Ash'ari,6374
Raiz.Abrahamic_religions.Islam.Kalam_Schools.Kalam,7184
Raiz.Abrahamic_religions.Islam.Kalam_Schools.Maturidi,7246
Raiz.Abrahamic_religions.Islam.Kalam_Schools.Murji'ah,4254
Raiz.Abrahamic_religions.Islam.Kalam_Schools.Mu'tazili,8850
Raiz.Abrahamic_religions.Islam.Kharijite,4447
Raiz.Abrahamic_religions.Islam.Kharijite.Ibadi,1254
Raiz.Abrahamic_religions.Islam.Kharijite.Azraqi,7391
Raiz.Abrahamic_religions.Islam.Kharijite.Har?riyya,3394
Raiz.Abrahamic_religions.Islam.Kharijite.Sufri,9231
Raiz.Abrahamic_religions.Islam.Shi'ism,3246
Raiz.Abrahamic_religions.Islam.Shi'ism.Ismailis,10010
Raiz.Abrahamic_religions.Islam.Shi'ism.Ismailis.Nizari_/_Aga_Khani,1716
Raiz.Abrahamic_religions.Islam.Shi'ism.Ismailis.Mustaali_/_Bohra,11014
Raiz.Abrahamic_religions.Islam.Shi'ism.Jafari,8461
Raiz.Abrahamic_religions.Islam.Shi'ism.Jafari.Twelvers,8137
Raiz.Abrahamic_religions.Islam.Shi'ism.Jafari.Alawites,8434
Raiz.Abrahamic_religions.Islam.Shi'ism.Jafari.Alevi_/_Bektashi,9561
Raiz.Abrahamic_religions.Islam.Shi'ism.Zaiddiyah,1950
Raiz.Abrahamic_religions.Islam.Sufism,9434
Raiz.Abrahamic_religions.Islam.Sufism.Bektashi,6718
Raiz.Abrahamic_religions.Islam.Sufism.Chishti,6807
Raiz.Abrahamic_religions.Islam.Sufism.Mevlevi,3786
Raiz.Abrahamic_religions.Islam.Sufism.Naqshbandi,6190
Raiz.Abrahamic_religions.Islam.Sufism.Tariqah,9697
Raiz.Abrahamic_religions.Islam.Sufism.Quadiriyyah,5850
Raiz.Abrahamic_religions.Islam.Sufism.Suhrawardiyya,4658
Raiz.Abrahamic_religions.Islam.Sufism.Tijani,6558
Raiz.Abrahamic_religions.Islam.Sufism.Universal_Sufism,2378
Raiz.Abrahamic_religions.Islam.Sufism.Universal_Sufism.Dances_of_Universal_Peace,4331
Raiz.Abrahamic_religions.Islam.Sunnism,6516
Raiz.Abrahamic_religions.Islam.Sunnism.Hanafi,126
Raiz.Abrahamic_religions.Islam.Sunnism.Hanafi.Berailvi,5515
Raiz.Abrahamic_religions.Islam.Sunnism.Hanafi.Deobandi,1973
Raiz.Abrahamic_religions.Islam.Sunnism.Hanbali,8880
Raiz.Abrahamic_religions.Islam.Sunnism.Hanbali.Wahhabi,5366
Raiz.Abrahamic_religions.Islam.Sunnism.Maliki,3474
Raiz.Abrahamic_religions.Islam.Sunnism.Shafi'i,6968
Raiz.Abrahamic_religions.Islam.Restorationism,7399
Raiz.Abrahamic_religions.Islam.Restorationism.Ghair_muqallidism,8462
Raiz.Abrahamic_religions.Islam.Restorationism.Salafism,6889
Raiz.Abrahamic_religions.Islam.Restorationism.Muwahhidism,8756
Raiz.Abrahamic_religions.Islam.Restorationism.Quranism,7154
Raiz.Abrahamic_religions.Islam.Groups_sometimes_considered_non-Islamic,6617
Raiz.Abrahamic_religions.Islam.Groups_sometimes_considered_non-Islamic.Ahl-e_Haqq_(Yarsan),1865
Raiz.Abrahamic_religions.Islam.Groups_sometimes_considered_non-Islamic.Ahl-e_Hadith,6403
Raiz.Abrahamic_religions.Islam.Groups_sometimes_considered_non-Islamic.Ahl-e_Qur'an,7955
Raiz.Abrahamic_religions.Islam.Groups_sometimes_considered_non-Islamic.Ahmadiyya,9195
Raiz.Abrahamic_religions.Islam.Groups_sometimes_considered_non-Islamic.Druze,4123
Raiz.Abrahamic_religions.Islam.Groups_sometimes_considered_non-Islamic.Nation_of_Islam,1669
Raiz.Abrahamic_religions.Islam.Groups_sometimes_considered_non-Islamic.Nazati_Muslim,5368
Raiz.Abrahamic_religions.Islam.Groups_sometimes_considered_non-Islamic.Moorish_Science_Temple_of_America,2923
Raiz.Abrahamic_religions.Islam.Groups_sometimes_considered_non-Islamic.United_Submitters_International,10273
Raiz.Abrahamic_religions.Islam.Groups_sometimes_considered_non-Islamic.Zikri,3593
Raiz.Abrahamic_religions.Judaism,2523
Raiz.Abrahamic_religions.Judaism.Rabbinic_Judaism,6823
Raiz.Abrahamic_religions.Judaism.Rabbinic_Judaism.Conservative_Judaism,8064
Raiz.Abrahamic_religions.Judaism.Rabbinic_Judaism.Conservative_Judaism.Masorti,3536
Raiz.Abrahamic_religions.Judaism.Rabbinic_Judaism.Conservative_Judaism.Conservadox_Judaism,10602
Raiz.Abrahamic_religions.Judaism.Rabbinic_Judaism.Conservative_Judaism.Conservadox_Judaism.Union_for_Traditional_Judaism,8339
Raiz.Abrahamic_religions.Judaism.Rabbinic_Judaism.Orthodox_Judaism,3708
Raiz.Abrahamic_religions.Judaism.Rabbinic_Judaism.Orthodox_Judaism.Haredi_Judaism,10232
Raiz.Abrahamic_religions.Judaism.Rabbinic_Judaism.Orthodox_Judaism.Hasidic_Judaism,4250
Raiz.Abrahamic_religions.Judaism.Rabbinic_Judaism.Orthodox_Judaism.Modern_Orthodox_Judaism,4719
Raiz.Abrahamic_religions.Judaism.Rabbinic_Judaism.Reform_Judaism,9648
Raiz.Abrahamic_religions.Judaism.Rabbinic_Judaism.Progressive_Judaism,8304
Raiz.Abrahamic_religions.Judaism.Rabbinic_Judaism.Progressive_Judaism.Liberal_Judaism,4687
Raiz.Abrahamic_religions.Judaism.Non-Rabbinic_Judaism,10469
Raiz.Abrahamic_religions.Judaism.Non-Rabbinic_Judaism.Alternative_Judaism,7225
Raiz.Abrahamic_religions.Judaism.Non-Rabbinic_Judaism.Humanistic_Judaism_(not_always_identified_as_a_religion),7035
Raiz.Abrahamic_religions.Judaism.Non-Rabbinic_Judaism.Jewish_Renewal,5245
Raiz.Abrahamic_religions.Judaism.Non-Rabbinic_Judaism.Karaite_Judaism,6866
Raiz.Abrahamic_religions.Judaism.Non-Rabbinic_Judaism.Reconstructionist_Judaism,4658
Raiz.Abrahamic_religions.Judaism.Historical_groups,3413
Raiz.Abrahamic_religions.Judaism.Historical_groups.Essenes,6193
Raiz.Abrahamic_religions.Judaism.Historical_groups.Pharisees_(ancestor_of_Rabbinic_Judaism),1710
Raiz.Abrahamic_religions.Judaism.Historical_groups.Sadducees,5225
Raiz.Abrahamic_religions.Judaism.Historical_groups.Zealots,835
Raiz.Abrahamic_religions.Judaism.Historical_groups.Zealots.Sicarii,3262
Raiz.Abrahamic_religions.Judaism.Other_sects,4834
Raiz.Abrahamic_religions.Judaism.Other_sects.Samaritanism,2538
Raiz.Abrahamic_religions.Judaism.Other_sects.Elkasites,7951
Raiz.Abrahamic_religions.Judaism.Other_sects.Nazarenes,4990
Raiz.Abrahamic_religions.Judaism.Other_sects.Sabbateans,6290
Raiz.Abrahamic_religions.Judaism.Other_sects.Sabbateans.Frankists,3245
Raiz.Abrahamic_religions.Others,5574
Raiz.Abrahamic_religions.Others.Noachidism,2346
Raiz.Abrahamic_religions.Others.Manichaism,1336
Raiz.Abrahamic_religions.Others.Shabakism,2113
Raiz.Abrahamic_religions.Others.Bábism,8843
Raiz.Abrahamic_religions.Others.Bábism.Azali,6054
Raiz.Abrahamic_religions.Others.Bahá'í_Faith,1736
Raiz.Abrahamic_religions.Others.Mandaeism,8973
Raiz.Abrahamic_religions.Others.Rastafari_movement,3593
Raiz.Abrahamic_religions.Others.Sabians,6892
Raiz.Indian_religions,4098
Raiz.Indian_religions.Buddhism,5015
Raiz.Indian_religions.Buddhism.Nikaya_schools_,3800
Raiz.Indian_religions.Buddhism.Nikaya_schools_.Theravada,8801
Raiz.Indian_religions.Buddhism.Nikaya_schools_.Theravada.Sri_Lankan_Amarapura_Nikaya,10170
Raiz.Indian_religions.Buddhism.Nikaya_schools_.Theravada.Sri_Lankan_Siam_Nikaya,1311
Raiz.Indian_religions.Buddhism.Nikaya_schools_.Theravada.Sri_Lankan_Ramañña_Nikaya,9994
Raiz.Indian_religions.Buddhism.Nikaya_schools_.Theravada.Bangladeshi_Sangharaj_Nikaya,2769
Raiz.Indian_religions.Buddhism.Nikaya_schools_.Theravada.Bangladeshi_Mahasthabir_Nikaya,3527
Raiz.Indian_religions.Buddhism.Nikaya_schools_.Theravada.Thai_Maha_Nikaya,9373
Raiz.Indian_religions.Buddhism.Nikaya_schools_.Theravada.Thai_Maha_Nikaya.Dhammakaya_Movement,3940
Raiz.Indian_religions.Buddhism.Nikaya_schools_.Theravada.Thai_Thammayut_Nikaya,6920
Raiz.Indian_religions.Buddhism.Nikaya_schools_.Theravada.Thai_Forest_Tradition,9677
Raiz.Indian_religions.Buddhism.Mahayana,5399
Raiz.Indian_religions.Buddhism.Mahayana.Humanistic_Buddhism,3327
Raiz.Indian_religions.Buddhism.Mahayana.Madhyamika,2538
Raiz.Indian_religions.Buddhism.Mahayana.Nichiren_Buddhism,9257
Raiz.Indian_religions.Buddhism.Mahayana.Nichiren_Buddhism.Soka_Gakkai,207
Raiz.Indian_religions.Buddhism.Mahayana.Pure_Land,8172
Raiz.Indian_religions.Buddhism.Mahayana.Tathagatagarbha,1997
Raiz.Indian_religions.Buddhism.Mahayana.Tiantai,9929
Raiz.Indian_religions.Buddhism.Mahayana.Tiantai.Tendai,5182
Raiz.Indian_religions.Buddhism.Mahayana.Yogacara,9099
Raiz.Indian_religions.Buddhism.Mahayana.Zen,8003
Raiz.Indian_religions.Buddhism.Mahayana.Zen.Caodong,6146
Raiz.Indian_religions.Buddhism.Mahayana.Zen.Fuke_Zen,405
Raiz.Indian_religions.Buddhism.Mahayana.Zen.Kwan_Um_School_of_Zen,10464
Raiz.Indian_religions.Buddhism.Mahayana.Zen.Sanbo_Kyodan,7433
Raiz.Indian_religions.Buddhism.Mahayana.Zen.S?t?,4164
Raiz.Indian_religions.Buddhism.Mahayana.Zen.?baku_(school_of_Buddhism),10989
Raiz.Indian_religions.Buddhism.Mahayana.Zen.Rinzai,1443
Raiz.Indian_religions.Buddhism.Vajrayana,1806
Raiz.Indian_religions.Buddhism.Vajrayana.Shingon_Buddhism,7440
Raiz.Indian_religions.Buddhism.Vajrayana.Tibetan_Buddhism,8353
Raiz.Indian_religions.Buddhism.Vajrayana.Tibetan_Buddhism.Bön,7259
Raiz.Indian_religions.Buddhism.Vajrayana.Tibetan_Buddhism.Gelukpa,9283
Raiz.Indian_religions.Buddhism.Vajrayana.Tibetan_Buddhism.Kagyupa,8463
Raiz.Indian_religions.Buddhism.Vajrayana.Tibetan_Buddhism.Kagyupa.Dagpo_Kagyu,516
Raiz.Indian_religions.Buddhism.Vajrayana.Tibetan_Buddhism.Kagyupa.Dagpo_Kagyu.Karma_Kagyu,6133
Raiz.Indian_religions.Buddhism.Vajrayana.Tibetan_Buddhism.Kagyupa.Dagpo_Kagyu.Barom_Kagyu,4702
Raiz.Indian_religions.Buddhism.Vajrayana.Tibetan_Buddhism.Kagyupa.Dagpo_Kagyu.Tsalpa_Kagyu,4303
Raiz.Indian_religions.Buddhism.Vajrayana.Tibetan_Buddhism.Kagyupa.Dagpo_Kagyu.Phagdru_Kagyu,8316
Raiz.Indian_religions.Buddhism.Vajrayana.Tibetan_Buddhism.Kagyupa.Dagpo_Kagyu.Drikung_Kagyu,11093
Raiz.Indian_religions.Buddhism.Vajrayana.Tibetan_Buddhism.Kagyupa.Dagpo_Kagyu.Drukpa_Kagyu,984
Raiz.Indian_religions.Buddhism.Vajrayana.Tibetan_Buddhism.Kagyupa.Shangpa_Kagyu,3563
Raiz.Indian_religions.Buddhism.Vajrayana.Tibetan_Buddhism.Nyingmapa,390
Raiz.Indian_religions.Buddhism.Vajrayana.Tibetan_Buddhism.Sakyapa,3213
Raiz.Indian_religions.Buddhism.Vajrayana.Tibetan_Buddhism.Sakyapa.Jonangpa,10380
Raiz.Indian_religions.Buddhism.New_Buddhist_movements,4378
Raiz.Indian_religions.Buddhism.New_Buddhist_movements.Aum_Shinrikyo_(now_known_as_Aleph),7343
Raiz.Indian_religions.Buddhism.New_Buddhist_movements.Diamond_Way,7403
Raiz.Indian_religions.Buddhism.New_Buddhist_movements.Friends_of_the_Western_Buddhist_Order,3654
Raiz.Indian_religions.Buddhism.New_Buddhist_movements.New_Kadampa_Tradition,4571
Raiz.Indian_religions.Buddhism.New_Buddhist_movements.Share_International,4762
Raiz.Indian_religions.Buddhism.New_Buddhist_movements.True_Buddha_School,6448
Raiz.Indian_religions.Buddhism.New_Buddhist_movements.Vipassana_movement,5199
Raiz.Indian_religions.Hinduism,250
Raiz.Indian_religions.Hinduism.Agama_Hindu_Dharma,8074
Raiz.Indian_religions.Hinduism.Hindu_revivalism,9415
Raiz.Indian_religions.Hinduism.Lingayatism,10591
Raiz.Indian_religions.Hinduism.Reform_movements,1940
Raiz.Indian_religions.Hinduism.Reform_movements.Arya_Samaj,6955
Raiz.Indian_religions.Hinduism.Reform_movements.Brahmo_Samaj,10284
Raiz.Indian_religions.Hinduism.Shaivism,1107
Raiz.Indian_religions.Hinduism.Shaktism,1763
Raiz.Indian_religions.Hinduism.Tantrism,5941
Raiz.Indian_religions.Hinduism.Smartism,8413
Raiz.Indian_religions.Hinduism.Vaishnavism,7935
Raiz.Indian_religions.Hinduism.Vaishnavism.Gaudiya_Vaishnavism,555
Raiz.Indian_religions.Hinduism.Vaishnavism.Gaudiya_Vaishnavism.ISKCON_(Hare_Krishna),5475
Raiz.Indian_religions.Hinduism.Major_schools_and_movements_of_Hindu_philosophy,8355
Raiz.Indian_religions.Hinduism.Major_schools_and_movements_of_Hindu_philosophy.Nyaya,5210
Raiz.Indian_religions.Hinduism.Major_schools_and_movements_of_Hindu_philosophy.Purva_mimamsa,3866
Raiz.Indian_religions.Hinduism.Major_schools_and_movements_of_Hindu_philosophy.Samkhya,5578
Raiz.Indian_religions.Hinduism.Major_schools_and_movements_of_Hindu_philosophy.Vaisheshika,3245
Raiz.Indian_religions.Hinduism.Major_schools_and_movements_of_Hindu_philosophy.Vedanta_(Uttara_Mimamsa),7121
Raiz.Indian_religions.Hinduism.Major_schools_and_movements_of_Hindu_philosophy.Vedanta_(Uttara_Mimamsa).Advaita_Vedanta,6113
Raiz.Indian_religions.Hinduism.Major_schools_and_movements_of_Hindu_philosophy.Vedanta_(Uttara_Mimamsa).Integral_Yoga,4517
Raiz.Indian_religions.Hinduism.Major_schools_and_movements_of_Hindu_philosophy.Vedanta_(Uttara_Mimamsa).Vishishtadvaita,10258
Raiz.Indian_religions.Hinduism.Major_schools_and_movements_of_Hindu_philosophy.Vedanta_(Uttara_Mimamsa).Dvaita_Vedanta,10307
Raiz.Indian_religions.Hinduism.Major_schools_and_movements_of_Hindu_philosophy.Yoga,4509
Raiz.Indian_religions.Hinduism.Major_schools_and_movements_of_Hindu_philosophy.Yoga.Ashtanga_Yoga,8356
Raiz.Indian_religions.Hinduism.Major_schools_and_movements_of_Hindu_philosophy.Yoga.Bhakti_Yoga,2429
Raiz.Indian_religions.Hinduism.Major_schools_and_movements_of_Hindu_philosophy.Yoga.Hatha_yoga,9585
Raiz.Indian_religions.Hinduism.Major_schools_and_movements_of_Hindu_philosophy.Yoga.Siddha_Yoga,2904
Raiz.Indian_religions.Hinduism.Major_schools_and_movements_of_Hindu_philosophy.Yoga.Tantric_Yoga,5182
Raiz.Indian_religions.Hinduism.Major_schools_and_movements_of_Hindu_philosophy.Ayyavazhi,3958
Raiz.Indian_religions.Hinduism.Major_schools_and_movements_of_Hindu_philosophy.Jainism,7909
Raiz.Indian_religions.Hinduism.Major_schools_and_movements_of_Hindu_philosophy.Jainism.Digambara,1691
Raiz.Indian_religions.Hinduism.Major_schools_and_movements_of_Hindu_philosophy.Jainism.Shvetambara,6069
Raiz.Indian_religions.Hinduism.Major_schools_and_movements_of_Hindu_philosophy.Sikhism,8169
Raiz.Indian_religions.Hinduism.Major_schools_and_movements_of_Hindu_philosophy.Sikhism.Khalsa,779
Raiz.Indian_religions.Hinduism.Major_schools_and_movements_of_Hindu_philosophy.Sikhism.Khalsa.Nihang,3725
Raiz.Indian_religions.Hinduism.Major_schools_and_movements_of_Hindu_philosophy.Sikhism.Namdhari_or_Kuka_Sikhs,477
Raiz.Indian_religions.Hinduism.Major_schools_and_movements_of_Hindu_philosophy.Sikhism.Sahajdhari_Sikh,1378
Raiz.Mystic_and_esoteric_versions_of_the_major_religions,4237
Raiz.Mystic_and_esoteric_versions_of_the_major_religions.Christian_mysticism,1020
Raiz.Mystic_and_esoteric_versions_of_the_major_religions.Kabbalah_(jewish_mysticism),2676
Raiz.Mystic_and_esoteric_versions_of_the_major_religions.Martinism,4536
Raiz.Mystic_and_esoteric_versions_of_the_major_religions.Sufism_(islamic_mysticism),10753
Raiz.Mystic_and_esoteric_versions_of_the_major_religions.Hindu_mysticism,4465
Raiz.Mystic_and_esoteric_versions_of_the_major_religions.Surat_Shabd_Yoga,5687
Raiz.Mystic_and_esoteric_versions_of_the_major_religions.Surat_Shabd_Yoga.Tantra,1915
Raiz.Mystic_and_esoteric_versions_of_the_major_religions.Surat_Shabd_Yoga.Tantra.Ananda_Marga_Tantra-Yoga,8135
Raiz.Iranian_religions,6081
Raiz.Iranian_religions.Mazdakism,6470
Raiz.Iranian_religions.Yazdânism,5545
Raiz.Iranian_religions.Yazdânism.Alevi,2865
Raiz.Iranian_religions.Yazdânism.Yarsani,4906
Raiz.Iranian_religions.Yazdânism.Yazidi,5716
Raiz.Iranian_religions.Zoroastrianism,7861
Raiz.Iranian_religions.Zoroastrianism.Zurvanism,10598
Raiz.East_Asian_religions,1400
Raiz.East_Asian_religions.Cao_Dai,8929
Raiz.East_Asian_religions.Chondogyo,244
Raiz.East_Asian_religions.Chinese_folk_religion,1683
Raiz.East_Asian_religions.Confucianism,118
Raiz.East_Asian_religions.Confucianism.Neo-Confucianism,8907
Raiz.East_Asian_religions.Confucianism.New_Confucianism,4882
Raiz.East_Asian_religions.Falun_Gong,4153
Raiz.East_Asian_religions.I-Kuan_Tao,8828
Raiz.East_Asian_religions.Jeung_San_Do,9270
Raiz.East_Asian_religions.Legalism,8641
Raiz.East_Asian_religions.Mohism,4576
Raiz.East_Asian_religions.Oomoto,7039
Raiz.East_Asian_religions.Shinto,5467
Raiz.East_Asian_religions.Taoism,7484
Raiz.East_Asian_religions.Tenrikyo,152
Raiz.African_diasporic_religions,9083
Raiz.African_diasporic_religions.Batuque,9679
Raiz.African_diasporic_religions.Candomblé,10958
Raiz.African_diasporic_religions.Dahomey_mythology,8358
Raiz.African_diasporic_religions.Haitian_mythology,3218
Raiz.African_diasporic_religions.Kumina,570
Raiz.African_diasporic_religions.Macumba,10275
Raiz.African_diasporic_religions.Mami_Wata,8175
Raiz.African_diasporic_religions.Obeah,416
Raiz.African_diasporic_religions.Oyotunji,465
Raiz.African_diasporic_religions.Quimbanda,6107
Raiz.African_diasporic_religions.Santería_(Lukumi),569
Raiz.African_diasporic_religions.Umbanda,7418
Raiz.African_diasporic_religions.Vodou,4758
Raiz.African_diasporic_religions.Winti,586
Raiz.Indigenous_traditional_faiths,6936
Raiz.Indigenous_traditional_faiths.African,746
Raiz.Indigenous_traditional_faiths.African.West_Africa,111
Raiz.Indigenous_traditional_faiths.African.West_Africa.Akan_mythology,6187
Raiz.Indigenous_traditional_faiths.African.West_Africa.Ashanti_mythology_(Ghana),6868
Raiz.Indigenous_traditional_faiths.African.West_Africa.Dahomey_mythology_(Fon),2510
Raiz.Indigenous_traditional_faiths.African.West_Africa.Efik_mythology_(Nigeria-_Cameroon),404
Raiz.Indigenous_traditional_faiths.African.West_Africa.Igbo_mythology_(Nigeria-_Cameroon),4204
Raiz.Indigenous_traditional_faiths.African.West_Africa.Isoko_mythology_(Nigeria),7856
Raiz.Indigenous_traditional_faiths.African.West_Africa.Yoruba_mythology_(Nigeria-_Benin),5750
Raiz.Indigenous_traditional_faiths.African.Central_Africa,3201
Raiz.Indigenous_traditional_faiths.African.Central_Africa.Bushongo_mythology_(Congo),5152
Raiz.Indigenous_traditional_faiths.African.Central_Africa.Lugbara_mythology_(Congo),5312
Raiz.Indigenous_traditional_faiths.African.Central_Africa.Mbuti_mythology_(Congo),5946
Raiz.Indigenous_traditional_faiths.African.East_Africa,10751
Raiz.Indigenous_traditional_faiths.African.East_Africa.Akamba_mythology_(East_Kenya),10483
Raiz.Indigenous_traditional_faiths.African.East_Africa.Dinka_mythology_(Sudan),3344
Raiz.Indigenous_traditional_faiths.African.East_Africa.Lotuko_mythology_(Sudan),10439
Raiz.Indigenous_traditional_faiths.African.East_Africa.Masai_mythology_(Kenya-_Tanzania),2365
Raiz.Indigenous_traditional_faiths.African.Southern_Africa,9231
Raiz.Indigenous_traditional_faiths.African.Southern_Africa.Khoikhoi_mythology,5240
Raiz.Indigenous_traditional_faiths.African.Southern_Africa.Lozi_mythology_(Zambia),6139
Raiz.Indigenous_traditional_faiths.African.Southern_Africa.Tumbuka_mythology_(Malawi),10752
Raiz.Indigenous_traditional_faiths.African.Southern_Africa.Zulu_mythology_(South_Africa),2401
Raiz.Indigenous_traditional_faiths.American,3120
Raiz.Indigenous_traditional_faiths.American.Traditional_religions_of_the_Native_American_peoples,1644
Raiz.Indigenous_traditional_faiths.American.Traditional_religions_of_the_Native_American_peoples.Abenaki_mythology,625
Raiz.Indigenous_traditional_faiths.American.Traditional_religions_of_the_Native_American_peoples.Anishinaabe_mythology,1373
Raiz.Indigenous_traditional_faiths.American.Traditional_religions_of_the_Native_American_peoples.Aztec_mythology,9927
Raiz.Indigenous_traditional_faiths.American.Traditional_religions_of_the_Native_American_peoples.Blackfoot_mythology,10363
Raiz.Indigenous_traditional_faiths.American.Traditional_religions_of_the_Native_American_peoples.Cherokee_mythology,4072
Raiz.Indigenous_traditional_faiths.American.Traditional_religions_of_the_Native_American_peoples.Chickasaw_mythology,3057
Raiz.Indigenous_traditional_faiths.American.Traditional_religions_of_the_Native_American_peoples.Choctaw_mythology,2526
Raiz.Indigenous_traditional_faiths.American.Traditional_religions_of_the_Native_American_peoples.Creek_mythology,1275
Raiz.Indigenous_traditional_faiths.American.Traditional_religions_of_the_Native_American_peoples.Crow_mythology,8965
Raiz.Indigenous_traditional_faiths.American.Traditional_religions_of_the_Native_American_peoples.Eskimo_religion,9276
Raiz.Indigenous_traditional_faiths.American.Traditional_religions_of_the_Native_American_peoples.Ghost_Dance,3290
Raiz.Indigenous_traditional_faiths.American.Traditional_religions_of_the_Native_American_peoples.Guarani_mythology,3970
Raiz.Indigenous_traditional_faiths.American.Traditional_religions_of_the_Native_American_peoples.Haida_mythology,10206
Raiz.Indigenous_traditional_faiths.American.Traditional_religions_of_the_Native_American_peoples.Ho-Chunk_mythology,1388
Raiz.Indigenous_traditional_faiths.American.Traditional_religions_of_the_Native_American_peoples.Hopi_mythology,6659
Raiz.Indigenous_traditional_faiths.American.Traditional_religions_of_the_Native_American_peoples.Huron_mythology,11000
Raiz.Indigenous_traditional_faiths.American.Traditional_religions_of_the_Native_American_peoples.Inca_mythology,5042
Raiz.Indigenous_traditional_faiths.American.Traditional_religions_of_the_Native_American_peoples.Inuit_mythology,10269
Raiz.Indigenous_traditional_faiths.American.Traditional_religions_of_the_Native_American_peoples.Iroquois_mythology,4816
Raiz.Indigenous_traditional_faiths.American.Traditional_religions_of_the_Native_American_peoples.Kwakiutl_mythology,2973
Raiz.Indigenous_traditional_faiths.American.Traditional_religions_of_the_Native_American_peoples.Lakota_mythology,10008
Raiz.Indigenous_traditional_faiths.American.Traditional_religions_of_the_Native_American_peoples.Lenape_mythology,8285
Raiz.Indigenous_traditional_faiths.American.Traditional_religions_of_the_Native_American_peoples.Longhouse_religion,1669
Raiz.Indigenous_traditional_faiths.American.Traditional_religions_of_the_Native_American_peoples.Maya_mythology,1985
Raiz.Indigenous_traditional_faiths.American.Traditional_religions_of_the_Native_American_peoples.Midewiwin,5141
Raiz.Indigenous_traditional_faiths.American.Traditional_religions_of_the_Native_American_peoples.Native_American_Church,1561
Raiz.Indigenous_traditional_faiths.American.Traditional_religions_of_the_Native_American_peoples.Navajo_mythology,4547
Raiz.Indigenous_traditional_faiths.American.Traditional_religions_of_the_Native_American_peoples.Nootka_mythology,10480
Raiz.Indigenous_traditional_faiths.American.Traditional_religions_of_the_Native_American_peoples.Olmec_mythology,5860
Raiz.Indigenous_traditional_faiths.American.Traditional_religions_of_the_Native_American_peoples.Pawnee_mythology,6671
Raiz.Indigenous_traditional_faiths.American.Traditional_religions_of_the_Native_American_peoples.Salish_mythology,4268
Raiz.Indigenous_traditional_faiths.American.Traditional_religions_of_the_Native_American_peoples.Seneca_mythology,6179
Raiz.Indigenous_traditional_faiths.American.Traditional_religions_of_the_Native_American_peoples.Selk'nam_religion,7241
Raiz.Indigenous_traditional_faiths.American.Traditional_religions_of_the_Native_American_peoples.Tsimshian_mythology,8565
Raiz.Indigenous_traditional_faiths.American.Traditional_religions_of_the_Native_American_peoples.Urarina,6324
Raiz.Indigenous_traditional_faiths.American.Traditional_religions_of_the_Native_American_peoples.Ute_mythology,7313
Raiz.Indigenous_traditional_faiths.American.Traditional_religions_of_the_Native_American_peoples.Zuni_mythology,1408
Raiz.Indigenous_traditional_faiths.Eurasian,7916
Raiz.Indigenous_traditional_faiths.Eurasian.Oriental,2115
Raiz.Indigenous_traditional_faiths.Eurasian.Oriental.Bön_(tibetan),6281
Raiz.Indigenous_traditional_faiths.Eurasian.Oriental.Chinese_mythology,4244
Raiz.Indigenous_traditional_faiths.Eurasian.Oriental.Japanese_mythology,8325
Raiz.Indigenous_traditional_faiths.Eurasian.Oriental.Koshinto,3353
Raiz.Indigenous_traditional_faiths.Eurasian.Siberian,3799
Raiz.Indigenous_traditional_faiths.Eurasian.Siberian.Siberian_Shamanism,1327
Raiz.Indigenous_traditional_faiths.Eurasian.Siberian.Tengriism,9201
Raiz.Indigenous_traditional_faiths.Eurasian.Siberian.Chukchi_mythology,7822
Raiz.Indigenous_traditional_faiths.Eurasian.Siberian.Aleut_mythology,8322
Raiz.Indigenous_traditional_faiths.Eurasian.Siberian.Evenk_mythology,9256
Raiz.Indigenous_traditional_faiths.Eurasian.Siberian.Yukaghir_mythology,585
Raiz.Indigenous_traditional_faiths.Eurasian.Uralic,7588
Raiz.Indigenous_traditional_faiths.Eurasian.Uralic.Estonian_mythology,6895
Raiz.Indigenous_traditional_faiths.Eurasian.Uralic.Finnish_mythology_and_Finnish_paganism,9358
Raiz.Indigenous_traditional_faiths.Eurasian.Uralic.Hungarian_folk_religion,923
Raiz.Indigenous_traditional_faiths.Eurasian.Uralic.Sami_religion_(including_the_Noaidi),7716
Raiz.Indigenous_traditional_faiths.Eurasian.Uralic.Tadibya,10494
Raiz.Indigenous_traditional_faiths.Oceania,1469
Raiz.Indigenous_traditional_faiths.Oceania.Australian_Aboriginal_mythology,10590
Raiz.Indigenous_traditional_faiths.Oceania.Australian_Aboriginal_mythology.Dreaming,1808
Raiz.Indigenous_traditional_faiths.Oceania.Austronesian_beliefs,8309
Raiz.Indigenous_traditional_faiths.Oceania.Austronesian_beliefs.Balinese_mythology,2567
Raiz.Indigenous_traditional_faiths.Oceania.Austronesian_beliefs.Javanese_beliefs,763
Raiz.Indigenous_traditional_faiths.Oceania.Austronesian_beliefs.Melanesian_mythology,7458
Raiz.Indigenous_traditional_faiths.Oceania.Austronesian_beliefs.Micronesian_mythology,9160
Raiz.Indigenous_traditional_faiths.Oceania.Austronesian_beliefs.Micronesian_mythology.Modekngei,1085
Raiz.Indigenous_traditional_faiths.Oceania.Austronesian_beliefs.Micronesian_mythology.Nauruan_indigenous_religion,1110
Raiz.Indigenous_traditional_faiths.Oceania.Austronesian_beliefs.Philippine_mythology,3169
Raiz.Indigenous_traditional_faiths.Oceania.Austronesian_beliefs.Philippine_mythology.Anito,8140
Raiz.Indigenous_traditional_faiths.Oceania.Austronesian_beliefs.Philippine_mythology.Gabâ,9572
Raiz.Indigenous_traditional_faiths.Oceania.Austronesian_beliefs.Philippine_mythology.Kulam,367
Raiz.Indigenous_traditional_faiths.Oceania.Austronesian_beliefs.Polynesian_mythology,8235
Raiz.Indigenous_traditional_faiths.Oceania.Austronesian_beliefs.Polynesian_mythology.Hawaiian_religion,1424
Raiz.Indigenous_traditional_faiths.Oceania.Austronesian_beliefs.Polynesian_mythology.Maori_mythology,6670
Raiz.Indigenous_traditional_faiths.Oceania.Austronesian_beliefs.Polynesian_mythology.Maori_mythology.Maori_religion,5254
Raiz.Indigenous_traditional_faiths.Oceania.Austronesian_beliefs.Polynesian_mythology.Rapa_Nui_mythology,6272
Raiz.Indigenous_traditional_faiths.Oceania.Austronesian_beliefs.Polynesian_mythology.Rapa_Nui_mythology.Moai,1608
Raiz.Indigenous_traditional_faiths.Oceania.Austronesian_beliefs.Polynesian_mythology.Rapa_Nui_mythology.Tangata_manu,6128
Raiz.Indigenous_traditional_faiths.Oceania.Austronesian_beliefs.Polynesian_mythology.Tuvaluan_mythology,1099
Raiz.Indigenous_traditional_faiths.Oceania.Cargo_cults,10355
Raiz.Indigenous_traditional_faiths.Oceania.Cargo_cults.John_Frum,10169
Raiz.Indigenous_traditional_faiths.Oceania.Cargo_cults.Johnson_cult,2890
Raiz.Indigenous_traditional_faiths.Oceania.Cargo_cults.Prince_Philip_Movement,494
Raiz.Indigenous_traditional_faiths.Oceania.Cargo_cults.Vailala_Madness,2766
Raiz.Historical_polytheism,7930
Raiz.Historical_polytheism.Ancient_Near_Eastern,2728
Raiz.Historical_polytheism.Ancient_Near_Eastern.Ancient_Egyptian_religion,6436
Raiz.Historical_polytheism.Ancient_Near_Eastern.Ancient_Semitic_religions,2742
Raiz.Historical_polytheism.Ancient_Near_Eastern.Mesopotamian_mythology,10594
Raiz.Historical_polytheism.Ancient_Near_Eastern.Mesopotamian_mythology.Arabian_mythology,1223
Raiz.Historical_polytheism.Ancient_Near_Eastern.Mesopotamian_mythology.Babylonian_and_Assyrian_religion,8972
Raiz.Historical_polytheism.Ancient_Near_Eastern.Mesopotamian_mythology.Babylonian_and_Assyrian_religion.Babylonian_mythology,1766
Raiz.Historical_polytheism.Ancient_Near_Eastern.Mesopotamian_mythology.Babylonian_and_Assyrian_religion.Chaldean_mythology,1036
Raiz.Historical_polytheism.Ancient_Near_Eastern.Mesopotamian_mythology.Canaanite_mythology,2293
Raiz.Historical_polytheism.Ancient_Near_Eastern.Mesopotamian_mythology.Canaanite_mythology.Canaanite_religion,10848
Raiz.Historical_polytheism.Ancient_Near_Eastern.Mesopotamian_mythology.Hittite_mythology,9191
Raiz.Historical_polytheism.Ancient_Near_Eastern.Mesopotamian_mythology.Persian_mythology,5129
Raiz.Historical_polytheism.Ancient_Near_Eastern.Mesopotamian_mythology.Sumerian_mythology,8882
Raiz.Historical_polytheism.Indo-European,1695
Raiz.Historical_polytheism.Indo-European.Proto-Indo-Iranian_religion,5162
Raiz.Historical_polytheism.Indo-European.Proto-Indo-Iranian_religion.Historical_Vedic_religion,5276
Raiz.Historical_polytheism.Indo-European.Baltic_polytheism,327
Raiz.Historical_polytheism.Indo-European.Basque_mythology,4664
Raiz.Historical_polytheism.Indo-European.Celtic_polytheism,8184
Raiz.Historical_polytheism.Indo-European.Celtic_polytheism.Brythonic_mythology,10677
Raiz.Historical_polytheism.Indo-European.Celtic_polytheism.Gaelic_mythology,3200
Raiz.Historical_polytheism.Indo-European.Germanic_polytheism,844
Raiz.Historical_polytheism.Indo-European.Germanic_polytheism.Anglo-Saxon_religion,8416
Raiz.Historical_polytheism.Indo-European.Germanic_polytheism.Norse_religion,2546
Raiz.Historical_polytheism.Indo-European.Germanic_polytheism.Continental_Germanic_religion,4316
Raiz.Historical_polytheism.Indo-European.Greek_polytheism,4519
Raiz.Historical_polytheism.Indo-European.Hungarian_polytheism,3405
Raiz.Historical_polytheism.Indo-European.Finnish_polytheism,6937
Raiz.Historical_polytheism.Indo-European.Roman_polytheism,5174
Raiz.Historical_polytheism.Indo-European.Slavic_polytheism,2127
Raiz.Historical_polytheism.Hellenistic,9900
Raiz.Historical_polytheism.Hellenistic.Mystery_religions,9807
Raiz.Historical_polytheism.Hellenistic.Mystery_religions.Eleusinian_Mysteries,4315
Raiz.Historical_polytheism.Hellenistic.Mystery_religions.Mithraism,4506
Raiz.Historical_polytheism.Hellenistic.Mystery_religions.Orphism,8366
Raiz.Historical_polytheism.Hellenistic.Pythagoreanism,8871
Raiz.Historical_polytheism.Hellenistic.Early_Christianity,9163
Raiz.Historical_polytheism.Hellenistic.Gallo-Roman_religion,3120
Raiz.Neopaganism,3383
Raiz.Neopaganism.Kemetism_(egyptian_neopaganism),1264
Raiz.Neopaganism.Rodnovery_(slavic_neopaganism),1050
Raiz.Neopaganism.Dievturiba_(latvian_neopaganism),1564
Raiz.Neopaganism.Germanic_neopaganism,9499
Raiz.Neopaganism.Germanic_neopaganism.Asatru,4617
Raiz.Neopaganism.Germanic_neopaganism.Odinism,1910
Raiz.Neopaganism.Druidry,7907
Raiz.Neopaganism.Wicca,8644
Raiz.Occult_religions,296
Raiz.Occult_religions.Freemasonry,2616
Raiz.Occult_religions.Rosicrucianism,121
Raiz.Occult_religions.Rosicrucianism.Ancient_Mystical_Order_Rosae_Crucis,910
Raiz.Occult_religions.Rosicrucianism.Ancient_Order_of_the_Rosicrucians,10664
Raiz.Occult_religions.Rosicrucianism.Rosicrucian_Fellowship,1246
Raiz.Occult_religions.Rosicrucianism.Hermetic_Order_of_the_Golden_Dawn,2420
Raiz.Occult_religions.Thelema,9124
Raiz.Occult_religions.Left-hand_path_occult_religions,2508
Raiz.Occult_religions.Left-hand_path_occult_religions.Satanism,11084
Raiz.Occult_religions.Left-hand_path_occult_religions.Satanism.Symbolic_Satanism,5821
Raiz.Occult_religions.Left-hand_path_occult_religions.Satanism.Symbolic_Satanism.LaVey_Satanism_(Church_of_Satan),292
Raiz.Occult_religions.Left-hand_path_occult_religions.Satanism.Theistic_Satanism,3739
Raiz.Occult_religions.Left-hand_path_occult_religions.Satanism.Theistic_Satanism.Joy_of_Satan,8001
Raiz.Occult_religions.Left-hand_path_occult_religions.Satanism.Theistic_Satanism.Order_of_Nine_Angles,8708
Raiz.Occult_religions.Left-hand_path_occult_religions.Satanism.Luciferianism,3005
Raiz.Occult_religions.Left-hand_path_occult_religions.Setianism_(Temple_of_Set),9346
Raiz.Occult_religions.Left-hand_path_occult_religions.Vampirism_(Temple_of_the_Vampire),11101
Raiz.Magic,1025
Raiz.Magic.Hoodoo_(Rootwork),1863
Raiz.Magic.Hoodoo_(Rootwork).New_Orleans_Voodoo,7902
Raiz.Magic.Magick,10321
Raiz.Magic.Magick.Chaos_magic,259
Raiz.Magic.Magick.Enochian_magic,6291
Raiz.Magic.Magick.Demonolatry,829
Raiz.Magic.Magick.Demonolatry.Goetia,2773
Raiz.Magic.Pow-wow,10276
Raiz.Magic.Seid_(shamanic_magic),9697
Raiz.Magic.Vaastu_Shastra,5224
Raiz.Magic.Witchcraft,1468
Raiz.New_Age_religions_and_UFO_religions,1326
Raiz.New_Age_religions_and_UFO_religions.Anthroposophy,7722
Raiz.New_Age_religions_and_UFO_religions.Eckankar,8340
Raiz.New_Age_religions_and_UFO_religions.Meher_Baba,10740
Raiz.New_Age_religions_and_UFO_religions.Happy_Science,9710
Raiz.New_Age_religions_and_UFO_religions.Heaven's_Gate,8702
Raiz.New_Age_religions_and_UFO_religions.Raelism,10629
Raiz.New_Age_religions_and_UFO_religions.Scientology,1976
Raiz.Parody_religions,8641
Raiz.Parody_religions.Flying_Spaghetti_Monster_or_Pastafarianism,924
Raiz.Parody_religions.Discordianism,5703
Raiz.Parody_religions.Church_of_the_SubGenius,10632
Raiz.Fictional_religions,10602
Raiz.Fictional_religions.Cthulhu_Mythos,2552
Raiz.Fictional_religions.Jedi_(Star_Wars),6620
Raiz.Fictional_religions.Klingon_religion_(Star_Trek),10519
Raiz.Fictional_religions.Robotology_(Futurama),3144
Raiz.Fictional_religions.Virtology_(Godspell),5488
Raiz.Fictional_religions.Jashinism_(Naruto),10228
